#group,false,false,true,true,true,true,true,true,true,true,true,true,true,true,true,false,false
#datatype,string,long,dateTime:RFC3339,dateTime:RFC3339,string,string,string,string,string,string,string,string,string,string,string,double,dateTime:RFC3339
#default,median,,,,,,,,,,,,,,,,
,result,table,_start,_stop,_field,_measurement,class,host,location,metric_type,model,sensorid,sensorplatform,sensortype,type,_value,_time
,,0,2026-07-07T14:24:10.716726347Z,2026-07-07T14:39:10.716726347Z,humidity,woodstack,sensor,dell01,MER,gauge,R630,woodstack02-mer,esp32,shtcx,physical,69.998169,2026-07-07T14:25:00Z
,,0,2026-07-07T14:24:10.716726347Z,2026-07-07T14:39:10.716726347Z,humidity,woodstack,sensor,dell01,MER,gauge,R630,woodstack02-mer,esp32,shtcx,physical,70.009613,2026-07-07T14:26:00Z
,,0,2026-07-07T14:24:10.716726347Z,2026-07-07T14:39:10.716726347Z,humidity,woodstack,sensor,dell01,MER,gauge,R630,woodstack02-mer,esp32,shtcx,physical,69.95315550000001,2026-07-07T14:27:00Z
,,0,2026-07-07T14:24:10.716726347Z,2026-07-07T14:39:10.716726347Z,humidity,woodstack,sensor,dell01,MER,gauge,R630,woodstack02-mer,esp32,shtcx,physical,69.7013855,2026-07-07T14:28:00Z
,,0,2026-07-07T14:24:10.716726347Z,2026-07-07T14:39:10.716726347Z,humidity,woodstack,sensor,dell01,MER,gauge,R630,woodstack02-mer,esp32,shtcx,physical,69.19326749999999,2026-07-07T14:29:00Z
,,0,2026-07-07T14:24:10.716726347Z,2026-07-07T14:39:10.716726347Z,humidity,woodstack,sensor,dell01,MER,gauge,R630,woodstack02-mer,esp32,shtcx,physical,68.2914735,2026-07-07T14:30:00Z
,,0,2026-07-07T14:24:10.716726347Z,2026-07-07T14:39:10.716726347Z,humidity,woodstack,sensor,dell01,MER,gauge,R630,woodstack02-mer,esp32,shtcx,physical,67.43545549999999,2026-07-07T14:31:00Z
,,0,2026-07-07T14:24:10.716726347Z,2026-07-07T14:39:10.716726347Z,humidity,woodstack,sensor,dell01,MER,gauge,R630,woodstack02-mer,esp32,shtcx,physical,66.9120785,2026-07-07T14:32:00Z
,,0,2026-07-07T14:24:10.716726347Z,2026-07-07T14:39:10.716726347Z,humidity,woodstack,sensor,dell01,MER,gauge,R630,woodstack02-mer,esp32,shtcx,physical,65.9210205,2026-07-07T14:33:00Z
,,0,2026-07-07T14:24:10.716726347Z,2026-07-07T14:39:10.716726347Z,humidity,woodstack,sensor,dell01,MER,gauge,R630,woodstack02-mer,esp32,shtcx,physical,65.56015,2026-07-07T14:34:00Z
,,0,2026-07-07T14:24:10.716726347Z,2026-07-07T14:39:10.716726347Z,humidity,woodstack,sensor,dell01,MER,gauge,R630,woodstack02-mer,esp32,shtcx,physical,65.2626035,2026-07-07T14:35:00Z
,,0,2026-07-07T14:24:10.716726347Z,2026-07-07T14:39:10.716726347Z,humidity,woodstack,sensor,dell01,MER,gauge,R630,woodstack02-mer,esp32,shtcx,physical,61.3487245,2026-07-07T14:36:00Z
,,0,2026-07-07T14:24:10.716726347Z,2026-07-07T14:39:10.716726347Z,humidity,woodstack,sensor,dell01,MER,gauge,R630,woodstack02-mer,esp32,shtcx,physical,61.096954499999995,2026-07-07T14:37:00Z
,,0,2026-07-07T14:24:10.716726347Z,2026-07-07T14:39:10.716726347Z,humidity,woodstack,sensor,dell01,MER,gauge,R630,woodstack02-mer,esp32,shtcx,physical,60.925292999999996,2026-07-07T14:38:00Z
,,0,2026-07-07T14:24:10.716726347Z,2026-07-07T14:39:10.716726347Z,humidity,woodstack,sensor,dell01,MER,gauge,R630,woodstack02-mer,esp32,shtcx,physical,60.159302,2026-07-07T14:39:00Z
,,1,2026-07-07T14:24:10.716726347Z,2026-07-07T14:39:10.716726347Z,humidity,woodstack,sensor,dell01,MER,gauge,R630,woodstack03-mer,esp32,shtcx,physical,74.108887,2026-07-07T14:25:00Z
,,1,2026-07-07T14:24:10.716726347Z,2026-07-07T14:39:10.716726347Z,humidity,woodstack,sensor,dell01,MER,gauge,R630,woodstack03-mer,esp32,shtcx,physical,74.0058895,2026-07-07T14:26:00Z
,,1,2026-07-07T14:24:10.716726347Z,2026-07-07T14:39:10.716726347Z,humidity,woodstack,sensor,dell01,MER,gauge,R630,woodstack03-mer,esp32,shtcx,physical,74.043274,2026-07-07T14:27:00Z
,,1,2026-07-07T14:24:10.716726347Z,2026-07-07T14:39:10.716726347Z,humidity,woodstack,sensor,dell01,MER,gauge,R630,woodstack03-mer,esp32,shtcx,physical,74.1218565,2026-07-07T14:28:00Z
,,1,2026-07-07T14:24:10.716726347Z,2026-07-07T14:39:10.716726347Z,humidity,woodstack,sensor,dell01,MER,gauge,R630,woodstack03-mer,esp32,shtcx,physical,74.0753175,2026-07-07T14:29:00Z
,,1,2026-07-07T14:24:10.716726347Z,2026-07-07T14:39:10.716726347Z,humidity,woodstack,sensor,dell01,MER,gauge,R630,woodstack03-mer,esp32,shtcx,physical,74.053192,2026-07-07T14:30:00Z
,,1,2026-07-07T14:24:10.716726347Z,2026-07-07T14:39:10.716726347Z,humidity,woodstack,sensor,dell01,MER,gauge,R630,woodstack03-mer,esp32,shtcx,physical,74.027252,2026-07-07T14:31:00Z
,,1,2026-07-07T14:24:10.716726347Z,2026-07-07T14:39:10.716726347Z,humidity,woodstack,sensor,dell01,MER,gauge,R630,woodstack03-mer,esp32,shtcx,physical,73.9616395,2026-07-07T14:32:00Z
,,1,2026-07-07T14:24:10.716726347Z,2026-07-07T14:39:10.716726347Z,humidity,woodstack,sensor,dell01,MER,gauge,R630,woodstack03-mer,esp32,shtcx,physical,73.95858799999999,2026-07-07T14:33:00Z
,,1,2026-07-07T14:24:10.716726347Z,2026-07-07T14:39:10.716726347Z,humidity,woodstack,sensor,dell01,MER,gauge,R630,woodstack03-mer,esp32,shtcx,physical,74.03793300000001,2026-07-07T14:34:00Z
,,1,2026-07-07T14:24:10.716726347Z,2026-07-07T14:39:10.716726347Z,humidity,woodstack,sensor,dell01,MER,gauge,R630,woodstack03-mer,esp32,shtcx,physical,74.043274,2026-07-07T14:35:00Z
,,1,2026-07-07T14:24:10.716726347Z,2026-07-07T14:39:10.716726347Z,humidity,woodstack,sensor,dell01,MER,gauge,R630,woodstack03-mer,esp32,shtcx,physical,73.5321045,2026-07-07T14:36:00Z
,,1,2026-07-07T14:24:10.716726347Z,2026-07-07T14:39:10.716726347Z,humidity,woodstack,sensor,dell01,MER,gauge,R630,woodstack03-mer,esp32,shtcx,physical,72.80883800000001,2026-07-07T14:37:00Z
,,1,2026-07-07T14:24:10.716726347Z,2026-07-07T14:39:10.716726347Z,humidity,woodstack,sensor,dell01,MER,gauge,R630,woodstack03-mer,esp32,shtcx,physical,72.56317150000001,2026-07-07T14:38:00Z
,,1,2026-07-07T14:24:10.716726347Z,2026-07-07T14:39:10.716726347Z,humidity,woodstack,sensor,dell01,MER,gauge,R630,woodstack03-mer,esp32,shtcx,physical,72.3365785,2026-07-07T14:39:00Z
,,2,2026-07-07T14:24:10.716726347Z,2026-07-07T14:39:10.716726347Z,humidity,woodstack,shelves-4,dell01,MER,gauge,R630,woodstack10-mer,esp32,shtcx,physical,43.440247,2026-07-07T14:25:00Z
,,2,2026-07-07T14:24:10.716726347Z,2026-07-07T14:39:10.716726347Z,humidity,woodstack,shelves-4,dell01,MER,gauge,R630,woodstack10-mer,esp32,shtcx,physical,43.5150145,2026-07-07T14:26:00Z
,,2,2026-07-07T14:24:10.716726347Z,2026-07-07T14:39:10.716726347Z,humidity,woodstack,shelves-4,dell01,MER,gauge,R630,woodstack10-mer,esp32,shtcx,physical,43.612671,2026-07-07T14:27:00Z
,,2,2026-07-07T14:24:10.716726347Z,2026-07-07T14:39:10.716726347Z,humidity,woodstack,shelves-4,dell01,MER,gauge,R630,woodstack10-mer,esp32,shtcx,physical,43.737030000000004,2026-07-07T14:28:00Z
,,2,2026-07-07T14:24:10.716726347Z,2026-07-07T14:39:10.716726347Z,humidity,woodstack,shelves-4,dell01,MER,gauge,R630,woodstack10-mer,esp32,shtcx,physical,43.7309265,2026-07-07T14:29:00Z
,,2,2026-07-07T14:24:10.716726347Z,2026-07-07T14:39:10.716726347Z,humidity,woodstack,shelves-4,dell01,MER,gauge,R630,woodstack10-mer,esp32,shtcx,physical,43.663025000000005,2026-07-07T14:30:00Z
,,2,2026-07-07T14:24:10.716726347Z,2026-07-07T14:39:10.716726347Z,humidity,woodstack,shelves-4,dell01,MER,gauge,R630,woodstack10-mer,esp32,shtcx,physical,43.845367499999995,2026-07-07T14:31:00Z
,,2,2026-07-07T14:24:10.716726347Z,2026-07-07T14:39:10.716726347Z,humidity,woodstack,shelves-4,dell01,MER,gauge,R630,woodstack10-mer,esp32,shtcx,physical,43.761444,2026-07-07T14:32:00Z
,,2,2026-07-07T14:24:10.716726347Z,2026-07-07T14:39:10.716726347Z,humidity,woodstack,shelves-4,dell01,MER,gauge,R630,woodstack10-mer,esp32,shtcx,physical,43.703461000000004,2026-07-07T14:33:00Z
,,2,2026-07-07T14:24:10.716726347Z,2026-07-07T14:39:10.716726347Z,humidity,woodstack,shelves-4,dell01,MER,gauge,R630,woodstack10-mer,esp32,shtcx,physical,43.712616,2026-07-07T14:34:00Z
,,2,2026-07-07T14:24:10.716726347Z,2026-07-07T14:39:10.716726347Z,humidity,woodstack,shelves-4,dell01,MER,gauge,R630,woodstack10-mer,esp32,shtcx,physical,43.6409,2026-07-07T14:35:00Z
,,2,2026-07-07T14:24:10.716726347Z,2026-07-07T14:39:10.716726347Z,humidity,woodstack,shelves-4,dell01,MER,gauge,R630,woodstack10-mer,esp32,shtcx,physical,43.65921,2026-07-07T14:36:00Z
,,2,2026-07-07T14:24:10.716726347Z,2026-07-07T14:39:10.716726347Z,humidity,woodstack,shelves-4,dell01,MER,gauge,R630,woodstack10-mer,esp32,shtcx,physical,43.852997,2026-07-07T14:37:00Z
,,2,2026-07-07T14:24:10.716726347Z,2026-07-07T14:39:10.716726347Z,humidity,woodstack,shelves-4,dell01,MER,gauge,R630,woodstack10-mer,esp32,shtcx,physical,43.8148495,2026-07-07T14:38:00Z
,,2,2026-07-07T14:24:10.716726347Z,2026-07-07T14:39:10.716726347Z,humidity,woodstack,shelves-4,dell01,MER,gauge,R630,woodstack10-mer,esp32,shtcx,physical,43.8476565,2026-07-07T14:39:00Z
,,3,2026-07-07T14:24:10.716726347Z,2026-07-07T14:39:10.716726347Z,temp,woodstack,sensor,dell01,MER,gauge,R630,woodstack02-mer,esp32,shtcx,physical,27.193909,2026-07-07T14:25:00Z
,,3,2026-07-07T14:24:10.716726347Z,2026-07-07T14:39:10.716726347Z,temp,woodstack,sensor,dell01,MER,gauge,R630,woodstack02-mer,esp32,shtcx,physical,27.213935499999998,2026-07-07T14:26:00Z
,,3,2026-07-07T14:24:10.716726347Z,2026-07-07T14:39:10.716726347Z,temp,woodstack,sensor,dell01,MER,gauge,R630,woodstack02-mer,esp32,shtcx,physical,27.2032545,2026-07-07T14:27:00Z
,,3,2026-07-07T14:24:10.716726347Z,2026-07-07T14:39:10.716726347Z,temp,woodstack,sensor,dell01,MER,gauge,R630,woodstack02-mer,esp32,shtcx,physical,27.2126005,2026-07-07T14:28:00Z
,,3,2026-07-07T14:24:10.716726347Z,2026-07-07T14:39:10.716726347Z,temp,woodstack,sensor,dell01,MER,gauge,R630,woodstack02-mer,esp32,shtcx,physical,27.175216499999998,2026-07-07T14:29:00Z
,,3,2026-07-07T14:24:10.716726347Z,2026-07-07T14:39:10.716726347Z,temp,woodstack,sensor,dell01,MER,gauge,R630,woodstack02-mer,esp32,shtcx,physical,27.193909,2026-07-07T14:30:00Z
,,3,2026-07-07T14:24:10.716726347Z,2026-07-07T14:39:10.716726347Z,temp,woodstack,sensor,dell01,MER,gauge,R630,woodstack02-mer,esp32,shtcx,physical,27.200584499999998,2026-07-07T14:31:00Z
,,3,2026-07-07T14:24:10.716726347Z,2026-07-07T14:39:10.716726347Z,temp,woodstack,sensor,dell01,MER,gauge,R630,woodstack02-mer,esp32,shtcx,physical,27.2085955,2026-07-07T14:32:00Z
,,3,2026-07-07T14:24:10.716726347Z,2026-07-07T14:39:10.716726347Z,temp,woodstack,sensor,dell01,MER,gauge,R630,woodstack02-mer,esp32,shtcx,physical,27.180557,2026-07-07T14:33:00Z
,,3,2026-07-07T14:24:10.716726347Z,2026-07-07T14:39:10.716726347Z,temp,woodstack,sensor,dell01,MER,gauge,R630,woodstack02-mer,esp32,shtcx,physical,27.2366335,2026-07-07T14:34:00Z
,,3,2026-07-07T14:24:10.716726347Z,2026-07-07T14:39:10.716726347Z,temp,woodstack,sensor,dell01,MER,gauge,R630,woodstack02-mer,esp32,shtcx,physical,27.243309,2026-07-07T14:35:00Z
,,3,2026-07-07T14:24:10.716726347Z,2026-07-07T14:39:10.716726347Z,temp,woodstack,sensor,dell01,MER,gauge,R630,woodstack02-mer,esp32,shtcx,physical,27.197914,2026-07-07T14:36:00Z
,,3,2026-07-07T14:24:10.716726347Z,2026-07-07T14:39:10.716726347Z,temp,woodstack,sensor,dell01,MER,gauge,R630,woodstack02-mer,esp32,shtcx,physical,27.216606499999997,2026-07-07T14:37:00Z
,,3,2026-07-07T14:24:10.716726347Z,2026-07-07T14:39:10.716726347Z,temp,woodstack,sensor,dell01,MER,gauge,R630,woodstack02-mer,esp32,shtcx,physical,27.2660065,2026-07-07T14:38:00Z
,,3,2026-07-07T14:24:10.716726347Z,2026-07-07T14:39:10.716726347Z,temp,woodstack,sensor,dell01,MER,gauge,R630,woodstack02-mer,esp32,shtcx,physical,27.290039,2026-07-07T14:39:00Z
,,4,2026-07-07T14:24:10.716726347Z,2026-07-07T14:39:10.716726347Z,temp,woodstack,sensor,dell01,MER,gauge,R630,woodstack03-mer,esp32,shtcx,physical,26.934891,2026-07-07T14:25:00Z
,,4,2026-07-07T14:24:10.716726347Z,2026-07-07T14:39:10.716726347Z,temp,woodstack,sensor,dell01,MER,gauge,R630,woodstack03-mer,esp32,shtcx,physical,26.882820000000002,2026-07-07T14:26:00Z
,,4,2026-07-07T14:24:10.716726347Z,2026-07-07T14:39:10.716726347Z,temp,woodstack,sensor,dell01,MER,gauge,R630,woodstack03-mer,esp32,shtcx,physical,26.890831,2026-07-07T14:27:00Z
,,4,2026-07-07T14:24:10.716726347Z,2026-07-07T14:39:10.716726347Z,temp,woodstack,sensor,dell01,MER,gauge,R630,woodstack03-mer,esp32,shtcx,physical,26.920204499999997,2026-07-07T14:28:00Z
,,4,2026-07-07T14:24:10.716726347Z,2026-07-07T14:39:10.716726347Z,temp,woodstack,sensor,dell01,MER,gauge,R630,woodstack03-mer,esp32,shtcx,physical,26.8961715,2026-07-07T14:29:00Z
,,4,2026-07-07T14:24:10.716726347Z,2026-07-07T14:39:10.716726347Z,temp,woodstack,sensor,dell01,MER,gauge,R630,woodstack03-mer,esp32,shtcx,physical,26.8961715,2026-07-07T14:30:00Z
,,4,2026-07-07T14:24:10.716726347Z,2026-07-07T14:39:10.716726347Z,temp,woodstack,sensor,dell01,MER,gauge,R630,woodstack03-mer,esp32,shtcx,physical,26.914864,2026-07-07T14:31:00Z
,,4,2026-07-07T14:24:10.716726347Z,2026-07-07T14:39:10.716726347Z,temp,woodstack,sensor,dell01,MER,gauge,R630,woodstack03-mer,esp32,shtcx,physical,26.878815,2026-07-07T14:32:00Z
,,4,2026-07-07T14:24:10.716726347Z,2026-07-07T14:39:10.716726347Z,temp,woodstack,sensor,dell01,MER,gauge,R630,woodstack03-mer,esp32,shtcx,physical,26.9228745,2026-07-07T14:33:00Z
,,4,2026-07-07T14:24:10.716726347Z,2026-07-07T14:39:10.716726347Z,temp,woodstack,sensor,dell01,MER,gauge,R630,woodstack03-mer,esp32,shtcx,physical,26.941566,2026-07-07T14:34:00Z
,,4,2026-07-07T14:24:10.716726347Z,2026-07-07T14:39:10.716726347Z,temp,woodstack,sensor,dell01,MER,gauge,R630,woodstack03-mer,esp32,shtcx,physical,26.937561,2026-07-07T14:35:00Z
,,4,2026-07-07T14:24:10.716726347Z,2026-07-07T14:39:10.716726347Z,temp,woodstack,sensor,dell01,MER,gauge,R630,woodstack03-mer,esp32,shtcx,physical,26.942901499999998,2026-07-07T14:36:00Z
,,4,2026-07-07T14:24:10.716726347Z,2026-07-07T14:39:10.716726347Z,temp,woodstack,sensor,dell01,MER,gauge,R630,woodstack03-mer,esp32,shtcx,physical,26.890831,2026-07-07T14:37:00Z
,,4,2026-07-07T14:24:10.716726347Z,2026-07-07T14:39:10.716726347Z,temp,woodstack,sensor,dell01,MER,gauge,R630,woodstack03-mer,esp32,shtcx,physical,26.942901499999998,2026-07-07T14:38:00Z
,,4,2026-07-07T14:24:10.716726347Z,2026-07-07T14:39:10.716726347Z,temp,woodstack,sensor,dell01,MER,gauge,R630,woodstack03-mer,esp32,shtcx,physical,26.9255445,2026-07-07T14:39:00Z
,,5,2026-07-07T14:24:10.716726347Z,2026-07-07T14:39:10.716726347Z,temp,woodstack,shelves-4,dell01,MER,gauge,R630,woodstack10-mer,esp32,shtcx,physical,24.107056,2026-07-07T14:25:00Z
,,5,2026-07-07T14:24:10.716726347Z,2026-07-07T14:39:10.716726347Z,temp,woodstack,shelves-4,dell01,MER,gauge,R630,woodstack10-mer,esp32,shtcx,physical,24.076347,2026-07-07T14:26:00Z
,,5,2026-07-07T14:24:10.716726347Z,2026-07-07T14:39:10.716726347Z,temp,woodstack,shelves-4,dell01,MER,gauge,R630,woodstack10-mer,esp32,shtcx,physical,24.000244000000002,2026-07-07T14:27:00Z
,,5,2026-07-07T14:24:10.716726347Z,2026-07-07T14:39:10.716726347Z,temp,woodstack,shelves-4,dell01,MER,gauge,R630,woodstack10-mer,esp32,shtcx,physical,24.054985000000002,2026-07-07T14:28:00Z
,,5,2026-07-07T14:24:10.716726347Z,2026-07-07T14:39:10.716726347Z,temp,woodstack,shelves-4,dell01,MER,gauge,R630,woodstack10-mer,esp32,shtcx,physical,24.0336225,2026-07-07T14:29:00Z
,,5,2026-07-07T14:24:10.716726347Z,2026-07-07T14:39:10.716726347Z,temp,woodstack,shelves-4,dell01,MER,gauge,R630,woodstack10-mer,esp32,shtcx,physical,24.0589905,2026-07-07T14:30:00Z
,,5,2026-07-07T14:24:10.716726347Z,2026-07-07T14:39:10.716726347Z,temp,woodstack,shelves-4,dell01,MER,gauge,R630,woodstack10-mer,esp32,shtcx,physical,24.018936,2026-07-07T14:31:00Z
,,5,2026-07-07T14:24:10.716726347Z,2026-07-07T14:39:10.716726347Z,temp,woodstack,shelves-4,dell01,MER,gauge,R630,woodstack10-mer,esp32,shtcx,physical,23.9842225,2026-07-07T14:32:00Z
,,5,2026-07-07T14:24:10.716726347Z,2026-07-07T14:39:10.716726347Z,temp,woodstack,shelves-4,dell01,MER,gauge,R630,woodstack10-mer,esp32,shtcx,physical,24.037627999999998,2026-07-07T14:33:00Z
,,5,2026-07-07T14:24:10.716726347Z,2026-07-07T14:39:10.716726347Z,temp,woodstack,shelves-4,dell01,MER,gauge,R630,woodstack10-mer,esp32,shtcx,physical,24.0416335,2026-07-07T14:34:00Z
,,5,2026-07-07T14:24:10.716726347Z,2026-07-07T14:39:10.716726347Z,temp,woodstack,shelves-4,dell01,MER,gauge,R630,woodstack10-mer,esp32,shtcx,physical,24.0977095,2026-07-07T14:35:00Z
,,5,2026-07-07T14:24:10.716726347Z,2026-07-07T14:39:10.716726347Z,temp,woodstack,shelves-4,dell01,MER,gauge,R630,woodstack10-mer,esp32,shtcx,physical,24.0670015,2026-07-07T14:36:00Z
,,5,2026-07-07T14:24:10.716726347Z,2026-07-07T14:39:10.716726347Z,temp,woodstack,shelves-4,dell01,MER,gauge,R630,woodstack10-mer,esp32,shtcx,physical,24.075012,2026-07-07T14:37:00Z
,,5,2026-07-07T14:24:10.716726347Z,2026-07-07T14:39:10.716726347Z,temp,woodstack,shelves-4,dell01,MER,gauge,R630,woodstack10-mer,esp32,shtcx,physical,24.09771,2026-07-07T14:38:00Z
,,5,2026-07-07T14:24:10.716726347Z,2026-07-07T14:39:10.716726347Z,temp,woodstack,shelves-4,dell01,MER,gauge,R630,woodstack10-mer,esp32,shtcx,physical,24.0589905,2026-07-07T14:39:00Z
,,6,2026-07-07T14:24:10.716726347Z,2026-07-07T14:39:10.716726347Z,value,woodstack,ch00,dell01,MER,gauge,R630,woodstack01-mer,esp32,mc,physical,5.726268,2026-07-07T14:25:00Z
,,6,2026-07-07T14:24:10.716726347Z,2026-07-07T14:39:10.716726347Z,value,woodstack,ch00,dell01,MER,gauge,R630,woodstack01-mer,esp32,mc,physical,5.724122,2026-07-07T14:26:00Z
,,6,2026-07-07T14:24:10.716726347Z,2026-07-07T14:39:10.716726347Z,value,woodstack,ch00,dell01,MER,gauge,R630,woodstack01-mer,esp32,mc,physical,5.729367,2026-07-07T14:27:00Z
,,6,2026-07-07T14:24:10.716726347Z,2026-07-07T14:39:10.716726347Z,value,woodstack,ch00,dell01,MER,gauge,R630,woodstack01-mer,esp32,mc,physical,5.72746,2026-07-07T14:28:00Z
,,6,2026-07-07T14:24:10.716726347Z,2026-07-07T14:39:10.716726347Z,value,woodstack,ch00,dell01,MER,gauge,R630,woodstack01-mer,esp32,mc,physical,5.725553,2026-07-07T14:29:00Z
,,6,2026-07-07T14:24:10.716726347Z,2026-07-07T14:39:10.716726347Z,value,woodstack,ch00,dell01,MER,gauge,R630,woodstack01-mer,esp32,mc,physical,5.726506,2026-07-07T14:30:00Z
,,6,2026-07-07T14:24:10.716726347Z,2026-07-07T14:39:10.716726347Z,value,woodstack,ch00,dell01,MER,gauge,R630,woodstack01-mer,esp32,mc,physical,5.728652,2026-07-07T14:31:00Z
,,6,2026-07-07T14:24:10.716726347Z,2026-07-07T14:39:10.716726347Z,value,woodstack,ch00,dell01,MER,gauge,R630,woodstack01-mer,esp32,mc,physical,5.728652,2026-07-07T14:32:00Z
,,6,2026-07-07T14:24:10.716726347Z,2026-07-07T14:39:10.716726347Z,value,woodstack,ch00,dell01,MER,gauge,R630,woodstack01-mer,esp32,mc,physical,5.72746,2026-07-07T14:33:00Z
,,6,2026-07-07T14:24:10.716726347Z,2026-07-07T14:39:10.716726347Z,value,woodstack,ch00,dell01,MER,gauge,R630,woodstack01-mer,esp32,mc,physical,5.730083,2026-07-07T14:34:00Z
,,6,2026-07-07T14:24:10.716726347Z,2026-07-07T14:39:10.716726347Z,value,woodstack,ch00,dell01,MER,gauge,R630,woodstack01-mer,esp32,mc,physical,5.726745,2026-07-07T14:35:00Z
,,6,2026-07-07T14:24:10.716726347Z,2026-07-07T14:39:10.716726347Z,value,woodstack,ch00,dell01,MER,gauge,R630,woodstack01-mer,esp32,mc,physical,5.727937,2026-07-07T14:36:00Z
,,6,2026-07-07T14:24:10.716726347Z,2026-07-07T14:39:10.716726347Z,value,woodstack,ch00,dell01,MER,gauge,R630,woodstack01-mer,esp32,mc,physical,5.726506,2026-07-07T14:37:00Z
,,6,2026-07-07T14:24:10.716726347Z,2026-07-07T14:39:10.716726347Z,value,woodstack,ch00,dell01,MER,gauge,R630,woodstack01-mer,esp32,mc,physical,5.727937,2026-07-07T14:38:00Z
,,7,2026-07-07T14:24:10.716726347Z,2026-07-07T14:39:10.716726347Z,value,woodstack,ch00,dell01,MER,gauge,R630,woodstack01-mer,esp32,resistance,physical,375621.28125,2026-07-07T14:25:00Z
,,7,2026-07-07T14:24:10.716726347Z,2026-07-07T14:39:10.716726347Z,value,woodstack,ch00,dell01,MER,gauge,R630,woodstack01-mer,esp32,resistance,physical,353007.15625,2026-07-07T14:26:00Z
,,7,2026-07-07T14:24:10.716726347Z,2026-07-07T14:39:10.716726347Z,value,woodstack,ch00,dell01,MER,gauge,R630,woodstack01-mer,esp32,resistance,physical,327414.46875,2026-07-07T14:27:00Z
,,7,2026-07-07T14:24:10.716726347Z,2026-07-07T14:39:10.716726347Z,value,woodstack,ch00,dell01,MER,gauge,R630,woodstack01-mer,esp32,resistance,physical,365837.0625,2026-07-07T14:28:00Z
,,7,2026-07-07T14:24:10.716726347Z,2026-07-07T14:39:10.716726347Z,value,woodstack,ch00,dell01,MER,gauge,R630,woodstack01-mer,esp32,resistance,physical,354482.5,2026-07-07T14:29:00Z
,,7,2026-07-07T14:24:10.716726347Z,2026-07-07T14:39:10.716726347Z,value,woodstack,ch00,dell01,MER,gauge,R630,woodstack01-mer,esp32,resistance,physical,371014.59375,2026-07-07T14:30:00Z
,,7,2026-07-07T14:24:10.716726347Z,2026-07-07T14:39:10.716726347Z,value,woodstack,ch00,dell01,MER,gauge,R630,woodstack01-mer,esp32,resistance,physical,351548.375,2026-07-07T14:31:00Z
,,7,2026-07-07T14:24:10.716726347Z,2026-07-07T14:39:10.716726347Z,value,woodstack,ch00,dell01,MER,gauge,R630,woodstack01-mer,esp32,resistance,physical,356148.53125,2026-07-07T14:32:00Z
,,7,2026-07-07T14:24:10.716726347Z,2026-07-07T14:39:10.716726347Z,value,woodstack,ch00,dell01,MER,gauge,R630,woodstack01-mer,esp32,resistance,physical,358557.34375,2026-07-07T14:33:00Z
,,7,2026-07-07T14:24:10.716726347Z,2026-07-07T14:39:10.716726347Z,value,woodstack,ch00,dell01,MER,gauge,R630,woodstack01-mer,esp32,resistance,physical,355018.875,2026-07-07T14:34:00Z
,,7,2026-07-07T14:24:10.716726347Z,2026-07-07T14:39:10.716726347Z,value,woodstack,ch00,dell01,MER,gauge,R630,woodstack01-mer,esp32,resistance,physical,359271.875,2026-07-07T14:35:00Z
,,7,2026-07-07T14:24:10.716726347Z,2026-07-07T14:39:10.716726347Z,value,woodstack,ch00,dell01,MER,gauge,R630,woodstack01-mer,esp32,resistance,physical,343781.875,2026-07-07T14:36:00Z
,,7,2026-07-07T14:24:10.716726347Z,2026-07-07T14:39:10.716726347Z,value,woodstack,ch00,dell01,MER,gauge,R630,woodstack01-mer,esp32,resistance,physical,360298.40625,2026-07-07T14:37:00Z
,,7,2026-07-07T14:24:10.716726347Z,2026-07-07T14:39:10.716726347Z,value,woodstack,ch00,dell01,MER,gauge,R630,woodstack01-mer,esp32,resistance,physical,359656.40625,2026-07-07T14:38:00Z
,,8,2026-07-07T14:24:10.716726347Z,2026-07-07T14:39:10.716726347Z,value,woodstack,ch00,dell01,MER,gauge,R630,woodstack01-mer,esp32,temp,physical,75.498444,2026-07-07T14:25:00Z
,,8,2026-07-07T14:24:10.716726347Z,2026-07-07T14:39:10.716726347Z,value,woodstack,ch00,dell01,MER,gauge,R630,woodstack01-mer,esp32,temp,physical,75.541702,2026-07-07T14:26:00Z
,,8,2026-07-07T14:24:10.716726347Z,2026-07-07T14:39:10.716726347Z,value,woodstack,ch00,dell01,MER,gauge,R630,woodstack01-mer,esp32,temp,physical,75.435959,2026-07-07T14:27:00Z
,,8,2026-07-07T14:24:10.716726347Z,2026-07-07T14:39:10.716726347Z,value,woodstack,ch00,dell01,MER,gauge,R630,woodstack01-mer,esp32,temp,physical,75.474411,2026-07-07T14:28:00Z
,,8,2026-07-07T14:24:10.716726347Z,2026-07-07T14:39:10.716726347Z,value,woodstack,ch00,dell01,MER,gauge,R630,woodstack01-mer,esp32,temp,physical,75.512863,2026-07-07T14:29:00Z
,,8,2026-07-07T14:24:10.716726347Z,2026-07-07T14:39:10.716726347Z,value,woodstack,ch00,dell01,MER,gauge,R630,woodstack01-mer,esp32,temp,physical,75.493637,2026-07-07T14:30:00Z
,,8,2026-07-07T14:24:10.716726347Z,2026-07-07T14:39:10.716726347Z,value,woodstack,ch00,dell01,MER,gauge,R630,woodstack01-mer,esp32,temp,physical,75.450378,2026-07-07T14:31:00Z
,,8,2026-07-07T14:24:10.716726347Z,2026-07-07T14:39:10.716726347Z,value,woodstack,ch00,dell01,MER,gauge,R630,woodstack01-mer,esp32,temp,physical,75.450378,2026-07-07T14:32:00Z
,,8,2026-07-07T14:24:10.716726347Z,2026-07-07T14:39:10.716726347Z,value,woodstack,ch00,dell01,MER,gauge,R630,woodstack01-mer,esp32,temp,physical,75.474411,2026-07-07T14:33:00Z
,,8,2026-07-07T14:24:10.716726347Z,2026-07-07T14:39:10.716726347Z,value,woodstack,ch00,dell01,MER,gauge,R630,woodstack01-mer,esp32,temp,physical,75.421539,2026-07-07T14:34:00Z
,,8,2026-07-07T14:24:10.716726347Z,2026-07-07T14:39:10.716726347Z,value,woodstack,ch00,dell01,MER,gauge,R630,woodstack01-mer,esp32,temp,physical,75.488831,2026-07-07T14:35:00Z
,,8,2026-07-07T14:24:10.716726347Z,2026-07-07T14:39:10.716726347Z,value,woodstack,ch00,dell01,MER,gauge,R630,woodstack01-mer,esp32,temp,physical,75.464798,2026-07-07T14:36:00Z
,,8,2026-07-07T14:24:10.716726347Z,2026-07-07T14:39:10.716726347Z,value,woodstack,ch00,dell01,MER,gauge,R630,woodstack01-mer,esp32,temp,physical,75.493637,2026-07-07T14:37:00Z
,,8,2026-07-07T14:24:10.716726347Z,2026-07-07T14:39:10.716726347Z,value,woodstack,ch00,dell01,MER,gauge,R630,woodstack01-mer,esp32,temp,physical,75.464798,2026-07-07T14:38:00Z
,,9,2026-07-07T14:24:10.716726347Z,2026-07-07T14:39:10.716726347Z,value,woodstack,ch01,dell01,MER,gauge,R630,woodstack01-mer,esp32,mc,physical,7.478686,2026-07-07T14:25:00Z
,,9,2026-07-07T14:24:10.716726347Z,2026-07-07T14:39:10.716726347Z,value,woodstack,ch01,dell01,MER,gauge,R630,woodstack01-mer,esp32,mc,physical,7.45872,2026-07-07T14:26:00Z
,,9,2026-07-07T14:24:10.716726347Z,2026-07-07T14:39:10.716726347Z,value,woodstack,ch01,dell01,MER,gauge,R630,woodstack01-mer,esp32,mc,physical,7.40499,2026-07-07T14:27:00Z
,,9,2026-07-07T14:24:10.716726347Z,2026-07-07T14:39:10.716726347Z,value,woodstack,ch01,dell01,MER,gauge,R630,woodstack01-mer,esp32,mc,physical,7.323519,2026-07-07T14:28:00Z
,,9,2026-07-07T14:24:10.716726347Z,2026-07-07T14:39:10.716726347Z,value,woodstack,ch01,dell01,MER,gauge,R630,woodstack01-mer,esp32,mc,physical,7.477267,2026-07-07T14:29:00Z
,,9,2026-07-07T14:24:10.716726347Z,2026-07-07T14:39:10.716726347Z,value,woodstack,ch01,dell01,MER,gauge,R630,woodstack01-mer,esp32,mc,physical,7.437514,2026-07-07T14:30:00Z
,,9,2026-07-07T14:24:10.716726347Z,2026-07-07T14:39:10.716726347Z,value,woodstack,ch01,dell01,MER,gauge,R630,woodstack01-mer,esp32,mc,physical,7.523554,2026-07-07T14:31:00Z
,,9,2026-07-07T14:24:10.716726347Z,2026-07-07T14:39:10.716726347Z,value,woodstack,ch01,dell01,MER,gauge,R630,woodstack01-mer,esp32,mc,physical,7.304431,2026-07-07T14:32:00Z
,,9,2026-07-07T14:24:10.716726347Z,2026-07-07T14:39:10.716726347Z,value,woodstack,ch01,dell01,MER,gauge,R630,woodstack01-mer,esp32,mc,physical,7.374154,2026-07-07T14:33:00Z
,,9,2026-07-07T14:24:10.716726347Z,2026-07-07T14:39:10.716726347Z,value,woodstack,ch01,dell01,MER,gauge,R630,woodstack01-mer,esp32,mc,physical,7.407515,2026-07-07T14:34:00Z
,,9,2026-07-07T14:24:10.716726347Z,2026-07-07T14:39:10.716726347Z,value,woodstack,ch01,dell01,MER,gauge,R630,woodstack01-mer,esp32,mc,physical,7.468301,2026-07-07T14:35:00Z
,,9,2026-07-07T14:24:10.716726347Z,2026-07-07T14:39:10.716726347Z,value,woodstack,ch01,dell01,MER,gauge,R630,woodstack01-mer,esp32,mc,physical,7.431897,2026-07-07T14:36:00Z
,,9,2026-07-07T14:24:10.716726347Z,2026-07-07T14:39:10.716726347Z,value,woodstack,ch01,dell01,MER,gauge,R630,woodstack01-mer,esp32,mc,physical,7.430434,2026-07-07T14:37:00Z
,,9,2026-07-07T14:24:10.716726347Z,2026-07-07T14:39:10.716726347Z,value,woodstack,ch01,dell01,MER,gauge,R630,woodstack01-mer,esp32,mc,physical,7.439631,2026-07-07T14:38:00Z
,,10,2026-07-07T14:24:10.716726347Z,2026-07-07T14:39:10.716726347Z,value,woodstack,ch01,dell01,MER,gauge,R630,woodstack01-mer,esp32,resistance,physical,112927.523438,2026-07-07T14:25:00Z
,,10,2026-07-07T14:24:10.716726347Z,2026-07-07T14:39:10.716726347Z,value,woodstack,ch01,dell01,MER,gauge,R630,woodstack01-mer,esp32,resistance,physical,113544.546875,2026-07-07T14:26:00Z
,,10,2026-07-07T14:24:10.716726347Z,2026-07-07T14:39:10.716726347Z,value,woodstack,ch01,dell01,MER,gauge,R630,woodstack01-mer,esp32,resistance,physical,115610.726562,2026-07-07T14:27:00Z
,,10,2026-07-07T14:24:10.716726347Z,2026-07-07T14:39:10.716726347Z,value,woodstack,ch01,dell01,MER,gauge,R630,woodstack01-mer,esp32,resistance,physical,118458.015625,2026-07-07T14:28:00Z
,,10,2026-07-07T14:24:10.716726347Z,2026-07-07T14:39:10.716726347Z,value,woodstack,ch01,dell01,MER,gauge,R630,woodstack01-mer,esp32,resistance,physical,112951.835938,2026-07-07T14:29:00Z
,,10,2026-07-07T14:24:10.716726347Z,2026-07-07T14:39:10.716726347Z,value,woodstack,ch01,dell01,MER,gauge,R630,woodstack01-mer,esp32,resistance,physical,114366.609375,2026-07-07T14:30:00Z
,,10,2026-07-07T14:24:10.716726347Z,2026-07-07T14:39:10.716726347Z,value,woodstack,ch01,dell01,MER,gauge,R630,woodstack01-mer,esp32,resistance,physical,111469.9375,2026-07-07T14:31:00Z
,,10,2026-07-07T14:24:10.716726347Z,2026-07-07T14:39:10.716726347Z,value,woodstack,ch01,dell01,MER,gauge,R630,woodstack01-mer,esp32,resistance,physical,119194.945312,2026-07-07T14:32:00Z
,,10,2026-07-07T14:24:10.716726347Z,2026-07-07T14:39:10.716726347Z,value,woodstack,ch01,dell01,MER,gauge,R630,woodstack01-mer,esp32,resistance,physical,116637.984375,2026-07-07T14:33:00Z
,,10,2026-07-07T14:24:10.716726347Z,2026-07-07T14:39:10.716726347Z,value,woodstack,ch01,dell01,MER,gauge,R630,woodstack01-mer,esp32,resistance,physical,115546.8125,2026-07-07T14:34:00Z
,,10,2026-07-07T14:24:10.716726347Z,2026-07-07T14:39:10.716726347Z,value,woodstack,ch01,dell01,MER,gauge,R630,woodstack01-mer,esp32,resistance,physical,113303.25,2026-07-07T14:35:00Z
,,10,2026-07-07T14:24:10.716726347Z,2026-07-07T14:39:10.716726347Z,value,woodstack,ch01,dell01,MER,gauge,R630,woodstack01-mer,esp32,resistance,physical,114613.328125,2026-07-07T14:36:00Z
,,10,2026-07-07T14:24:10.716726347Z,2026-07-07T14:39:10.716726347Z,value,woodstack,ch01,dell01,MER,gauge,R630,woodstack01-mer,esp32,resistance,physical,114614.492188,2026-07-07T14:37:00Z
,,10,2026-07-07T14:24:10.716726347Z,2026-07-07T14:39:10.716726347Z,value,woodstack,ch01,dell01,MER,gauge,R630,woodstack01-mer,esp32,resistance,physical,114342.539062,2026-07-07T14:38:00Z
,,11,2026-07-07T14:24:10.716726347Z,2026-07-07T14:39:10.716726347Z,value,woodstack,ch01,dell01,MER,gauge,R630,woodstack01-mer,esp32,temp,physical,75.498444,2026-07-07T14:25:00Z
,,11,2026-07-07T14:24:10.716726347Z,2026-07-07T14:39:10.716726347Z,value,woodstack,ch01,dell01,MER,gauge,R630,woodstack01-mer,esp32,temp,physical,75.541702,2026-07-07T14:26:00Z
,,11,2026-07-07T14:24:10.716726347Z,2026-07-07T14:39:10.716726347Z,value,woodstack,ch01,dell01,MER,gauge,R630,woodstack01-mer,esp32,temp,physical,75.435959,2026-07-07T14:27:00Z
,,11,2026-07-07T14:24:10.716726347Z,2026-07-07T14:39:10.716726347Z,value,woodstack,ch01,dell01,MER,gauge,R630,woodstack01-mer,esp32,temp,physical,75.474411,2026-07-07T14:28:00Z
,,11,2026-07-07T14:24:10.716726347Z,2026-07-07T14:39:10.716726347Z,value,woodstack,ch01,dell01,MER,gauge,R630,woodstack01-mer,esp32,temp,physical,75.512863,2026-07-07T14:29:00Z
,,11,2026-07-07T14:24:10.716726347Z,2026-07-07T14:39:10.716726347Z,value,woodstack,ch01,dell01,MER,gauge,R630,woodstack01-mer,esp32,temp,physical,75.493637,2026-07-07T14:30:00Z
,,11,2026-07-07T14:24:10.716726347Z,2026-07-07T14:39:10.716726347Z,value,woodstack,ch01,dell01,MER,gauge,R630,woodstack01-mer,esp32,temp,physical,75.450378,2026-07-07T14:31:00Z
,,11,2026-07-07T14:24:10.716726347Z,2026-07-07T14:39:10.716726347Z,value,woodstack,ch01,dell01,MER,gauge,R630,woodstack01-mer,esp32,temp,physical,75.450378,2026-07-07T14:32:00Z
,,11,2026-07-07T14:24:10.716726347Z,2026-07-07T14:39:10.716726347Z,value,woodstack,ch01,dell01,MER,gauge,R630,woodstack01-mer,esp32,temp,physical,75.474411,2026-07-07T14:33:00Z
,,11,2026-07-07T14:24:10.716726347Z,2026-07-07T14:39:10.716726347Z,value,woodstack,ch01,dell01,MER,gauge,R630,woodstack01-mer,esp32,temp,physical,75.421539,2026-07-07T14:34:00Z
,,11,2026-07-07T14:24:10.716726347Z,2026-07-07T14:39:10.716726347Z,value,woodstack,ch01,dell01,MER,gauge,R630,woodstack01-mer,esp32,temp,physical,75.488831,2026-07-07T14:35:00Z
,,11,2026-07-07T14:24:10.716726347Z,2026-07-07T14:39:10.716726347Z,value,woodstack,ch01,dell01,MER,gauge,R630,woodstack01-mer,esp32,temp,physical,75.464798,2026-07-07T14:36:00Z
,,11,2026-07-07T14:24:10.716726347Z,2026-07-07T14:39:10.716726347Z,value,woodstack,ch01,dell01,MER,gauge,R630,woodstack01-mer,esp32,temp,physical,75.493637,2026-07-07T14:37:00Z
,,11,2026-07-07T14:24:10.716726347Z,2026-07-07T14:39:10.716726347Z,value,woodstack,ch01,dell01,MER,gauge,R630,woodstack01-mer,esp32,temp,physical,75.464798,2026-07-07T14:38:00Z
,,12,2026-07-07T14:24:10.716726347Z,2026-07-07T14:39:10.716726347Z,wifi-signal-db,woodstack,sensor,dell01,MER,gauge,R630,woodstack02-mer,esp32,wifi,physical,-69,2026-07-07T14:25:00Z
,,12,2026-07-07T14:24:10.716726347Z,2026-07-07T14:39:10.716726347Z,wifi-signal-db,woodstack,sensor,dell01,MER,gauge,R630,woodstack02-mer,esp32,wifi,physical,-69.5,2026-07-07T14:26:00Z
,,12,2026-07-07T14:24:10.716726347Z,2026-07-07T14:39:10.716726347Z,wifi-signal-db,woodstack,sensor,dell01,MER,gauge,R630,woodstack02-mer,esp32,wifi,physical,-69.5,2026-07-07T14:27:00Z
,,12,2026-07-07T14:24:10.716726347Z,2026-07-07T14:39:10.716726347Z,wifi-signal-db,woodstack,sensor,dell01,MER,gauge,R630,woodstack02-mer,esp32,wifi,physical,-69.5,2026-07-07T14:28:00Z
,,12,2026-07-07T14:24:10.716726347Z,2026-07-07T14:39:10.716726347Z,wifi-signal-db,woodstack,sensor,dell01,MER,gauge,R630,woodstack02-mer,esp32,wifi,physical,-69.5,2026-07-07T14:29:00Z
,,12,2026-07-07T14:24:10.716726347Z,2026-07-07T14:39:10.716726347Z,wifi-signal-db,woodstack,sensor,dell01,MER,gauge,R630,woodstack02-mer,esp32,wifi,physical,-69,2026-07-07T14:30:00Z
,,12,2026-07-07T14:24:10.716726347Z,2026-07-07T14:39:10.716726347Z,wifi-signal-db,woodstack,sensor,dell01,MER,gauge,R630,woodstack02-mer,esp32,wifi,physical,-70,2026-07-07T14:31:00Z
,,12,2026-07-07T14:24:10.716726347Z,2026-07-07T14:39:10.716726347Z,wifi-signal-db,woodstack,sensor,dell01,MER,gauge,R630,woodstack02-mer,esp32,wifi,physical,-69,2026-07-07T14:32:00Z
,,12,2026-07-07T14:24:10.716726347Z,2026-07-07T14:39:10.716726347Z,wifi-signal-db,woodstack,sensor,dell01,MER,gauge,R630,woodstack02-mer,esp32,wifi,physical,-70,2026-07-07T14:33:00Z
,,12,2026-07-07T14:24:10.716726347Z,2026-07-07T14:39:10.716726347Z,wifi-signal-db,woodstack,sensor,dell01,MER,gauge,R630,woodstack02-mer,esp32,wifi,physical,-70,2026-07-07T14:34:00Z
,,12,2026-07-07T14:24:10.716726347Z,2026-07-07T14:39:10.716726347Z,wifi-signal-db,woodstack,sensor,dell01,MER,gauge,R630,woodstack02-mer,esp32,wifi,physical,-69.5,2026-07-07T14:35:00Z
,,12,2026-07-07T14:24:10.716726347Z,2026-07-07T14:39:10.716726347Z,wifi-signal-db,woodstack,sensor,dell01,MER,gauge,R630,woodstack02-mer,esp32,wifi,physical,-69,2026-07-07T14:36:00Z
,,12,2026-07-07T14:24:10.716726347Z,2026-07-07T14:39:10.716726347Z,wifi-signal-db,woodstack,sensor,dell01,MER,gauge,R630,woodstack02-mer,esp32,wifi,physical,-70,2026-07-07T14:37:00Z
,,12,2026-07-07T14:24:10.716726347Z,2026-07-07T14:39:10.716726347Z,wifi-signal-db,woodstack,sensor,dell01,MER,gauge,R630,woodstack02-mer,esp32,wifi,physical,-70,2026-07-07T14:38:00Z
,,12,2026-07-07T14:24:10.716726347Z,2026-07-07T14:39:10.716726347Z,wifi-signal-db,woodstack,sensor,dell01,MER,gauge,R630,woodstack02-mer,esp32,wifi,physical,-70,2026-07-07T14:39:00Z
,,13,2026-07-07T14:24:10.716726347Z,2026-07-07T14:39:10.716726347Z,wifi-signal-db,woodstack,sensor,dell01,MER,gauge,R630,woodstack03-mer,esp32,wifi,physical,-76,2026-07-07T14:25:00Z
,,13,2026-07-07T14:24:10.716726347Z,2026-07-07T14:39:10.716726347Z,wifi-signal-db,woodstack,sensor,dell01,MER,gauge,R630,woodstack03-mer,esp32,wifi,physical,-76,2026-07-07T14:26:00Z
,,13,2026-07-07T14:24:10.716726347Z,2026-07-07T14:39:10.716726347Z,wifi-signal-db,woodstack,sensor,dell01,MER,gauge,R630,woodstack03-mer,esp32,wifi,physical,-76,2026-07-07T14:27:00Z
,,13,2026-07-07T14:24:10.716726347Z,2026-07-07T14:39:10.716726347Z,wifi-signal-db,woodstack,sensor,dell01,MER,gauge,R630,woodstack03-mer,esp32,wifi,physical,-76,2026-07-07T14:28:00Z
,,13,2026-07-07T14:24:10.716726347Z,2026-07-07T14:39:10.716726347Z,wifi-signal-db,woodstack,sensor,dell01,MER,gauge,R630,woodstack03-mer,esp32,wifi,physical,-76.5,2026-07-07T14:29:00Z
,,13,2026-07-07T14:24:10.716726347Z,2026-07-07T14:39:10.716726347Z,wifi-signal-db,woodstack,sensor,dell01,MER,gauge,R630,woodstack03-mer,esp32,wifi,physical,-76,2026-07-07T14:30:00Z
,,13,2026-07-07T14:24:10.716726347Z,2026-07-07T14:39:10.716726347Z,wifi-signal-db,woodstack,sensor,dell01,MER,gauge,R630,woodstack03-mer,esp32,wifi,physical,-76,2026-07-07T14:31:00Z
,,13,2026-07-07T14:24:10.716726347Z,2026-07-07T14:39:10.716726347Z,wifi-signal-db,woodstack,sensor,dell01,MER,gauge,R630,woodstack03-mer,esp32,wifi,physical,-76,2026-07-07T14:32:00Z
,,13,2026-07-07T14:24:10.716726347Z,2026-07-07T14:39:10.716726347Z,wifi-signal-db,woodstack,sensor,dell01,MER,gauge,R630,woodstack03-mer,esp32,wifi,physical,-76,2026-07-07T14:33:00Z
,,13,2026-07-07T14:24:10.716726347Z,2026-07-07T14:39:10.716726347Z,wifi-signal-db,woodstack,sensor,dell01,MER,gauge,R630,woodstack03-mer,esp32,wifi,physical,-76,2026-07-07T14:34:00Z
,,13,2026-07-07T14:24:10.716726347Z,2026-07-07T14:39:10.716726347Z,wifi-signal-db,woodstack,sensor,dell01,MER,gauge,R630,woodstack03-mer,esp32,wifi,physical,-76,2026-07-07T14:35:00Z
,,13,2026-07-07T14:24:10.716726347Z,2026-07-07T14:39:10.716726347Z,wifi-signal-db,woodstack,sensor,dell01,MER,gauge,R630,woodstack03-mer,esp32,wifi,physical,-76,2026-07-07T14:36:00Z
,,13,2026-07-07T14:24:10.716726347Z,2026-07-07T14:39:10.716726347Z,wifi-signal-db,woodstack,sensor,dell01,MER,gauge,R630,woodstack03-mer,esp32,wifi,physical,-76,2026-07-07T14:37:00Z
,,13,2026-07-07T14:24:10.716726347Z,2026-07-07T14:39:10.716726347Z,wifi-signal-db,woodstack,sensor,dell01,MER,gauge,R630,woodstack03-mer,esp32,wifi,physical,-76.5,2026-07-07T14:38:00Z
,,13,2026-07-07T14:24:10.716726347Z,2026-07-07T14:39:10.716726347Z,wifi-signal-db,woodstack,sensor,dell01,MER,gauge,R630,woodstack03-mer,esp32,wifi,physical,-76,2026-07-07T14:39:00Z
,,14,2026-07-07T14:24:10.716726347Z,2026-07-07T14:39:10.716726347Z,wifi-signal-db,woodstack,shelves-4,dell01,MER,gauge,R630,woodstack10-mer,esp32,wifi,physical,-65,2026-07-07T14:25:00Z
,,14,2026-07-07T14:24:10.716726347Z,2026-07-07T14:39:10.716726347Z,wifi-signal-db,woodstack,shelves-4,dell01,MER,gauge,R630,woodstack10-mer,esp32,wifi,physical,-65,2026-07-07T14:26:00Z
,,14,2026-07-07T14:24:10.716726347Z,2026-07-07T14:39:10.716726347Z,wifi-signal-db,woodstack,shelves-4,dell01,MER,gauge,R630,woodstack10-mer,esp32,wifi,physical,-64.5,2026-07-07T14:27:00Z
,,14,2026-07-07T14:24:10.716726347Z,2026-07-07T14:39:10.716726347Z,wifi-signal-db,woodstack,shelves-4,dell01,MER,gauge,R630,woodstack10-mer,esp32,wifi,physical,-65,2026-07-07T14:28:00Z
,,14,2026-07-07T14:24:10.716726347Z,2026-07-07T14:39:10.716726347Z,wifi-signal-db,woodstack,shelves-4,dell01,MER,gauge,R630,woodstack10-mer,esp32,wifi,physical,-65,2026-07-07T14:29:00Z
,,14,2026-07-07T14:24:10.716726347Z,2026-07-07T14:39:10.716726347Z,wifi-signal-db,woodstack,shelves-4,dell01,MER,gauge,R630,woodstack10-mer,esp32,wifi,physical,-65,2026-07-07T14:30:00Z
,,14,2026-07-07T14:24:10.716726347Z,2026-07-07T14:39:10.716726347Z,wifi-signal-db,woodstack,shelves-4,dell01,MER,gauge,R630,woodstack10-mer,esp32,wifi,physical,-64.5,2026-07-07T14:31:00Z
,,14,2026-07-07T14:24:10.716726347Z,2026-07-07T14:39:10.716726347Z,wifi-signal-db,woodstack,shelves-4,dell01,MER,gauge,R630,woodstack10-mer,esp32,wifi,physical,-64,2026-07-07T14:32:00Z
,,14,2026-07-07T14:24:10.716726347Z,2026-07-07T14:39:10.716726347Z,wifi-signal-db,woodstack,shelves-4,dell01,MER,gauge,R630,woodstack10-mer,esp32,wifi,physical,-64.5,2026-07-07T14:33:00Z
,,14,2026-07-07T14:24:10.716726347Z,2026-07-07T14:39:10.716726347Z,wifi-signal-db,woodstack,shelves-4,dell01,MER,gauge,R630,woodstack10-mer,esp32,wifi,physical,-65,2026-07-07T14:34:00Z
,,14,2026-07-07T14:24:10.716726347Z,2026-07-07T14:39:10.716726347Z,wifi-signal-db,woodstack,shelves-4,dell01,MER,gauge,R630,woodstack10-mer,esp32,wifi,physical,-65,2026-07-07T14:35:00Z
,,14,2026-07-07T14:24:10.716726347Z,2026-07-07T14:39:10.716726347Z,wifi-signal-db,woodstack,shelves-4,dell01,MER,gauge,R630,woodstack10-mer,esp32,wifi,physical,-65,2026-07-07T14:36:00Z
,,14,2026-07-07T14:24:10.716726347Z,2026-07-07T14:39:10.716726347Z,wifi-signal-db,woodstack,shelves-4,dell01,MER,gauge,R630,woodstack10-mer,esp32,wifi,physical,-65,2026-07-07T14:37:00Z
,,14,2026-07-07T14:24:10.716726347Z,2026-07-07T14:39:10.716726347Z,wifi-signal-db,woodstack,shelves-4,dell01,MER,gauge,R630,woodstack10-mer,esp32,wifi,physical,-65,2026-07-07T14:38:00Z
,,14,2026-07-07T14:24:10.716726347Z,2026-07-07T14:39:10.716726347Z,wifi-signal-db,woodstack,shelves-4,dell01,MER,gauge,R630,woodstack10-mer,esp32,wifi,physical,-65,2026-07-07T14:39:00Z
,,15,2026-07-07T14:24:10.716726347Z,2026-07-07T14:39:10.716726347Z,wifi-signal-percent,woodstack,sensor,dell01,MER,gauge,R630,woodstack02-mer,esp32,wifi,physical,62,2026-07-07T14:25:00Z
,,15,2026-07-07T14:24:10.716726347Z,2026-07-07T14:39:10.716726347Z,wifi-signal-percent,woodstack,sensor,dell01,MER,gauge,R630,woodstack02-mer,esp32,wifi,physical,61,2026-07-07T14:26:00Z
,,15,2026-07-07T14:24:10.716726347Z,2026-07-07T14:39:10.716726347Z,wifi-signal-percent,woodstack,sensor,dell01,MER,gauge,R630,woodstack02-mer,esp32,wifi,physical,61,2026-07-07T14:27:00Z
,,15,2026-07-07T14:24:10.716726347Z,2026-07-07T14:39:10.716726347Z,wifi-signal-percent,woodstack,sensor,dell01,MER,gauge,R630,woodstack02-mer,esp32,wifi,physical,61,2026-07-07T14:28:00Z
,,15,2026-07-07T14:24:10.716726347Z,2026-07-07T14:39:10.716726347Z,wifi-signal-percent,woodstack,sensor,dell01,MER,gauge,R630,woodstack02-mer,esp32,wifi,physical,61,2026-07-07T14:29:00Z
,,15,2026-07-07T14:24:10.716726347Z,2026-07-07T14:39:10.716726347Z,wifi-signal-percent,woodstack,sensor,dell01,MER,gauge,R630,woodstack02-mer,esp32,wifi,physical,62,2026-07-07T14:30:00Z
,,15,2026-07-07T14:24:10.716726347Z,2026-07-07T14:39:10.716726347Z,wifi-signal-percent,woodstack,sensor,dell01,MER,gauge,R630,woodstack02-mer,esp32,wifi,physical,60,2026-07-07T14:31:00Z
,,15,2026-07-07T14:24:10.716726347Z,2026-07-07T14:39:10.716726347Z,wifi-signal-percent,woodstack,sensor,dell01,MER,gauge,R630,woodstack02-mer,esp32,wifi,physical,62,2026-07-07T14:32:00Z
,,15,2026-07-07T14:24:10.716726347Z,2026-07-07T14:39:10.716726347Z,wifi-signal-percent,woodstack,sensor,dell01,MER,gauge,R630,woodstack02-mer,esp32,wifi,physical,60,2026-07-07T14:33:00Z
,,15,2026-07-07T14:24:10.716726347Z,2026-07-07T14:39:10.716726347Z,wifi-signal-percent,woodstack,sensor,dell01,MER,gauge,R630,woodstack02-mer,esp32,wifi,physical,60,2026-07-07T14:34:00Z
,,15,2026-07-07T14:24:10.716726347Z,2026-07-07T14:39:10.716726347Z,wifi-signal-percent,woodstack,sensor,dell01,MER,gauge,R630,woodstack02-mer,esp32,wifi,physical,61,2026-07-07T14:35:00Z
,,15,2026-07-07T14:24:10.716726347Z,2026-07-07T14:39:10.716726347Z,wifi-signal-percent,woodstack,sensor,dell01,MER,gauge,R630,woodstack02-mer,esp32,wifi,physical,62,2026-07-07T14:36:00Z
,,15,2026-07-07T14:24:10.716726347Z,2026-07-07T14:39:10.716726347Z,wifi-signal-percent,woodstack,sensor,dell01,MER,gauge,R630,woodstack02-mer,esp32,wifi,physical,60,2026-07-07T14:37:00Z
,,15,2026-07-07T14:24:10.716726347Z,2026-07-07T14:39:10.716726347Z,wifi-signal-percent,woodstack,sensor,dell01,MER,gauge,R630,woodstack02-mer,esp32,wifi,physical,60,2026-07-07T14:38:00Z
,,15,2026-07-07T14:24:10.716726347Z,2026-07-07T14:39:10.716726347Z,wifi-signal-percent,woodstack,sensor,dell01,MER,gauge,R630,woodstack02-mer,esp32,wifi,physical,60,2026-07-07T14:39:00Z
,,16,2026-07-07T14:24:10.716726347Z,2026-07-07T14:39:10.716726347Z,wifi-signal-percent,woodstack,sensor,dell01,MER,gauge,R630,woodstack03-mer,esp32,wifi,physical,48,2026-07-07T14:25:00Z
,,16,2026-07-07T14:24:10.716726347Z,2026-07-07T14:39:10.716726347Z,wifi-signal-percent,woodstack,sensor,dell01,MER,gauge,R630,woodstack03-mer,esp32,wifi,physical,48,2026-07-07T14:26:00Z
,,16,2026-07-07T14:24:10.716726347Z,2026-07-07T14:39:10.716726347Z,wifi-signal-percent,woodstack,sensor,dell01,MER,gauge,R630,woodstack03-mer,esp32,wifi,physical,48,2026-07-07T14:27:00Z
,,16,2026-07-07T14:24:10.716726347Z,2026-07-07T14:39:10.716726347Z,wifi-signal-percent,woodstack,sensor,dell01,MER,gauge,R630,woodstack03-mer,esp32,wifi,physical,48,2026-07-07T14:28:00Z
,,16,2026-07-07T14:24:10.716726347Z,2026-07-07T14:39:10.716726347Z,wifi-signal-percent,woodstack,sensor,dell01,MER,gauge,R630,woodstack03-mer,esp32,wifi,physical,47,2026-07-07T14:29:00Z
,,16,2026-07-07T14:24:10.716726347Z,2026-07-07T14:39:10.716726347Z,wifi-signal-percent,woodstack,sensor,dell01,MER,gauge,R630,woodstack03-mer,esp32,wifi,physical,48,2026-07-07T14:30:00Z
,,16,2026-07-07T14:24:10.716726347Z,2026-07-07T14:39:10.716726347Z,wifi-signal-percent,woodstack,sensor,dell01,MER,gauge,R630,woodstack03-mer,esp32,wifi,physical,48,2026-07-07T14:31:00Z
,,16,2026-07-07T14:24:10.716726347Z,2026-07-07T14:39:10.716726347Z,wifi-signal-percent,woodstack,sensor,dell01,MER,gauge,R630,woodstack03-mer,esp32,wifi,physical,48,2026-07-07T14:32:00Z
,,16,2026-07-07T14:24:10.716726347Z,2026-07-07T14:39:10.716726347Z,wifi-signal-percent,woodstack,sensor,dell01,MER,gauge,R630,woodstack03-mer,esp32,wifi,physical,48,2026-07-07T14:33:00Z
,,16,2026-07-07T14:24:10.716726347Z,2026-07-07T14:39:10.716726347Z,wifi-signal-percent,woodstack,sensor,dell01,MER,gauge,R630,woodstack03-mer,esp32,wifi,physical,48,2026-07-07T14:34:00Z
,,16,2026-07-07T14:24:10.716726347Z,2026-07-07T14:39:10.716726347Z,wifi-signal-percent,woodstack,sensor,dell01,MER,gauge,R630,woodstack03-mer,esp32,wifi,physical,48,2026-07-07T14:35:00Z
,,16,2026-07-07T14:24:10.716726347Z,2026-07-07T14:39:10.716726347Z,wifi-signal-percent,woodstack,sensor,dell01,MER,gauge,R630,woodstack03-mer,esp32,wifi,physical,48,2026-07-07T14:36:00Z
,,16,2026-07-07T14:24:10.716726347Z,2026-07-07T14:39:10.716726347Z,wifi-signal-percent,woodstack,sensor,dell01,MER,gauge,R630,woodstack03-mer,esp32,wifi,physical,48,2026-07-07T14:37:00Z
,,16,2026-07-07T14:24:10.716726347Z,2026-07-07T14:39:10.716726347Z,wifi-signal-percent,woodstack,sensor,dell01,MER,gauge,R630,woodstack03-mer,esp32,wifi,physical,47,2026-07-07T14:38:00Z
,,16,2026-07-07T14:24:10.716726347Z,2026-07-07T14:39:10.716726347Z,wifi-signal-percent,woodstack,sensor,dell01,MER,gauge,R630,woodstack03-mer,esp32,wifi,physical,48,2026-07-07T14:39:00Z
,,17,2026-07-07T14:24:10.716726347Z,2026-07-07T14:39:10.716726347Z,wifi-signal-percent,woodstack,shelves-4,dell01,MER,gauge,R630,woodstack10-mer,esp32,wifi,physical,70,2026-07-07T14:25:00Z
,,17,2026-07-07T14:24:10.716726347Z,2026-07-07T14:39:10.716726347Z,wifi-signal-percent,woodstack,shelves-4,dell01,MER,gauge,R630,woodstack10-mer,esp32,wifi,physical,70,2026-07-07T14:26:00Z
,,17,2026-07-07T14:24:10.716726347Z,2026-07-07T14:39:10.716726347Z,wifi-signal-percent,woodstack,shelves-4,dell01,MER,gauge,R630,woodstack10-mer,esp32,wifi,physical,71,2026-07-07T14:27:00Z
,,17,2026-07-07T14:24:10.716726347Z,2026-07-07T14:39:10.716726347Z,wifi-signal-percent,woodstack,shelves-4,dell01,MER,gauge,R630,woodstack10-mer,esp32,wifi,physical,70,2026-07-07T14:28:00Z
,,17,2026-07-07T14:24:10.716726347Z,2026-07-07T14:39:10.716726347Z,wifi-signal-percent,woodstack,shelves-4,dell01,MER,gauge,R630,woodstack10-mer,esp32,wifi,physical,70,2026-07-07T14:29:00Z
,,17,2026-07-07T14:24:10.716726347Z,2026-07-07T14:39:10.716726347Z,wifi-signal-percent,woodstack,shelves-4,dell01,MER,gauge,R630,woodstack10-mer,esp32,wifi,physical,70,2026-07-07T14:30:00Z
,,17,2026-07-07T14:24:10.716726347Z,2026-07-07T14:39:10.716726347Z,wifi-signal-percent,woodstack,shelves-4,dell01,MER,gauge,R630,woodstack10-mer,esp32,wifi,physical,71,2026-07-07T14:31:00Z
,,17,2026-07-07T14:24:10.716726347Z,2026-07-07T14:39:10.716726347Z,wifi-signal-percent,woodstack,shelves-4,dell01,MER,gauge,R630,woodstack10-mer,esp32,wifi,physical,72,2026-07-07T14:32:00Z
,,17,2026-07-07T14:24:10.716726347Z,2026-07-07T14:39:10.716726347Z,wifi-signal-percent,woodstack,shelves-4,dell01,MER,gauge,R630,woodstack10-mer,esp32,wifi,physical,71,2026-07-07T14:33:00Z
,,17,2026-07-07T14:24:10.716726347Z,2026-07-07T14:39:10.716726347Z,wifi-signal-percent,woodstack,shelves-4,dell01,MER,gauge,R630,woodstack10-mer,esp32,wifi,physical,70,2026-07-07T14:34:00Z
,,17,2026-07-07T14:24:10.716726347Z,2026-07-07T14:39:10.716726347Z,wifi-signal-percent,woodstack,shelves-4,dell01,MER,gauge,R630,woodstack10-mer,esp32,wifi,physical,70,2026-07-07T14:35:00Z
,,17,2026-07-07T14:24:10.716726347Z,2026-07-07T14:39:10.716726347Z,wifi-signal-percent,woodstack,shelves-4,dell01,MER,gauge,R630,woodstack10-mer,esp32,wifi,physical,70,2026-07-07T14:36:00Z
,,17,2026-07-07T14:24:10.716726347Z,2026-07-07T14:39:10.716726347Z,wifi-signal-percent,woodstack,shelves-4,dell01,MER,gauge,R630,woodstack10-mer,esp32,wifi,physical,70,2026-07-07T14:37:00Z
,,17,2026-07-07T14:24:10.716726347Z,2026-07-07T14:39:10.716726347Z,wifi-signal-percent,woodstack,shelves-4,dell01,MER,gauge,R630,woodstack10-mer,esp32,wifi,physical,70,2026-07-07T14:38:00Z
,,17,2026-07-07T14:24:10.716726347Z,2026-07-07T14:39:10.716726347Z,wifi-signal-percent,woodstack,shelves-4,dell01,MER,gauge,R630,woodstack10-mer,esp32,wifi,physical,70,2026-07-07T14:39:00Z

